<keymap version="1" name="Eclipse copy" parent="Eclipse">
  <action id="ActivateApplicationServersToolWindow">
    <keyboard-shortcut first-keystroke="alt 0" />
  </action>
  <action id="ActivateFavoritesToolWindow">
    <keyboard-shortcut first-keystroke="alt 8" />
  </action>
  <action id="ActivateHierarchyToolWindow">
    <keyboard-shortcut first-keystroke="alt 9" />
  </action>
  <action id="ActivateMavenProjectsToolWindow">
    <keyboard-shortcut first-keystroke="alt 2" />
  </action>
  <action id="ActivateMessagesToolWindow" />
  <action id="ActivateVersionControlToolWindow">
    <keyboard-shortcut first-keystroke="alt 3" />
  </action>
  <action id="ClassNameCompletion">
    <keyboard-shortcut first-keystroke="alt slash" />
  </action>
  <action id="CloseActiveTab" />
  <action id="CloseContent">
    <keyboard-shortcut first-keystroke="ctrl w" />
  </action>
  <action id="EditorEscape" />
  <action id="EditorScrollToCenter" />
  <action id="HideActiveWindow">
    <keyboard-shortcut first-keystroke="shift escape" />
    <keyboard-shortcut first-keystroke="escape" />
  </action>
  <action id="HideAllWindows">
    <keyboard-shortcut first-keystroke="ctrl m" />
  </action>
  <action id="HippieBackwardCompletion" />
  <action id="HippieCompletion" />
  <action id="IntroduceVariable">
    <keyboard-shortcut first-keystroke="shift alt l" />
  </action>
  <action id="RevealIn">
    <keyboard-shortcut first-keystroke="ctrl numpad0" />
  </action>
  <action id="ShowFilePath">
    <keyboard-shortcut first-keystroke="ctrl alt f12" />
    <keyboard-shortcut first-keystroke="ctrl numpad1" />
  </action>
  <action id="SmartTypeCompletion" />
  <action id="SwitchApply">
    <keyboard-shortcut first-keystroke="ctrl alt enter" />
  </action>
  <action id="SwitchDown">
    <keyboard-shortcut first-keystroke="ctrl alt down" />
  </action>
  <action id="SwitchLeft">
    <keyboard-shortcut first-keystroke="ctrl alt left" />
  </action>
  <action id="SwitchRight">
    <keyboard-shortcut first-keystroke="ctrl alt right" />
  </action>
  <action id="SwitchUp">
    <keyboard-shortcut first-keystroke="ctrl alt up" />
  </action>
  <action id="ToggleFullScreen">
    <keyboard-shortcut first-keystroke="f11" />
  </action>
  <action id="Vcs.ShowMessageHistory">
    <keyboard-shortcut first-keystroke="ctrl e" />
  </action>
  <action id="VimPluginToggle">
    <keyboard-shortcut first-keystroke="alt i" />
  </action>
</keymap>