<application>
  <component name="libraryTable">
    <library name="angular" type="javaScript">
      <CLASSES>
        <root url="file://$APPLICATION_CONFIG_DIR$/javascript/extLibs/__cdn.bootcss.com_angular.js_1.5.6_angular.js" />
      </CLASSES>
      <JAVADOC />
      <SOURCES />
    </library>
    <library name="Bundled Protobuf Distribution">
      <CLASSES />
      <JAVADOC />
      <SOURCES>
        <root url="jar://$APPLICATION_PLUGINS_DIR$/protobuf-jetbrains-plugin/lib/protobuf-java-3.6.1-sources.jar!/" />
      </SOURCES>
    </library>
    <library name="sockjs" type="javaScript">
      <CLASSES>
        <root url="file://$APPLICATION_CONFIG_DIR$/javascript/extLibs/http_cdn.bootcss.com_sockjs-client_1.1.4_sockjs.js" />
      </CLASSES>
      <JAVADOC />
      <SOURCES />
    </library>
    <library name="stomp" type="javaScript">
      <CLASSES>
        <root url="file://$APPLICATION_CONFIG_DIR$/javascript/extLibs/http_cdn.bootcss.com_stomp.js_2.3.3_stomp.js" />
      </CLASSES>
      <JAVADOC />
      <SOURCES />
    </library>
  </component>
</application>