<application>
  <component name="FileTypeManager" version="17">
    <ignoreFiles list="*.hprof;*.pyc;*.pyo;*.rbc;*~;.DS_Store;.git;.hg;.svn;CVS;RCS;SCCS;__pycache__;_svn;rcs;vssver.scc;vssver2.scc;" />
    <extensionMap>
      <mapping pattern=".gitignore.swp" type="PLAIN_TEXT" />
      <mapping pattern="Dockerfile_2" type="PLAIN_TEXT" />
      <mapping ext="crt" type="PLAIN_TEXT" />
      <mapping ext="commandfactory" type="PLAIN_TEXT" />
      <mapping ext="wrapper" type="PLAIN_TEXT" />
      <mapping ext="lnk" type="PLAIN_TEXT" />
      <mapping ext="loggeradapter" type="PLAIN_TEXT" />
      <mapping ext="jks" type="PLAIN_TEXT" />
      <mapping ext="httpbinder" type="PLAIN_TEXT" />
      <removed_mapping ext="log" approved="true" type="PLAIN_TEXT" />
      <removed_mapping ext="bat" approved="true" type="PLAIN_TEXT" />
      <removed_mapping ext="log" approved="true" type="PLAIN_TEXT" />
      <removed_mapping ext="dockerfile" approved="true" type="textmate" />
      <removed_mapping ext="makefile" approved="true" type="textmate" />
      <removed_mapping ext="cmd" approved="true" type="PLAIN_TEXT" />
      <removed_mapping ext="snakefile" approved="true" type="textmate" />
      <mapping pattern=".gitignore_global" type="Git file" />
      <mapping pattern="ignore" type="Git exclude file" />
    </extensionMap>
  </component>
</application>