<application>
  <component name="ParameterNameHintsSettings">
    <blacklists>
      <blacklist language="Java">
        <added pattern="com.kinstalk.qlove.service.impl.ChangeLogServiceImpl.sendDataChangeNotify(qloveUid,srcDeviceId,dataType,seq,changeLog,data)" />
        <added pattern="com.kinstalk.qlove.protocol.ChangeLog.Set.Set(guid,localId,fields)" />
      </blacklist>
      <blacklist language="Groovy" />
    </blacklists>
    <disabledLanguages>
      <language id="JAVA" />
      <language id="TypeScript" />
      <language id="Angular2Html" />
      <language id="JavaScript" />
      <language id="kotlin" />
      <language id="Groovy" />
      <language id="SQL" />
    </disabledLanguages>
  </component>
</application>