<application>
  <component name="DaemonCodeAnalyzerSettings">
    <option name="SHOW_METHOD_SEPARATORS" value="true" />
  </component>
  <component name="DefaultFont">
    <option name="FONT_SIZE" value="14" />
    <option name="LINE_SPACING" value="1.1" />
  </component>
  <component name="EditorSettings">
    <option name="languageBreadcrumbsMap">
      <map>
        <entry key="go" value="true" />
      </map>
    </option>
    <option name="SHOW_QUICK_DOC_ON_MOUSE_OVER_ELEMENT" value="true" />
    <option name="SHOW_BREADCRUMBS_ABOVE" value="true" />
    <option name="SHOW_BREADCRUMBS" value="false" />
    <option name="IS_DND_ENABLED" value="false" />
  </component>
</application>