<application>
  <component name="FileTypeManager" version="17">
    <extensionMap>
      <mapping pattern="fdfd" type="PLAIN_TEXT" />
      <mapping pattern="ff" type="PLAIN_TEXT" />
      <mapping pattern="Client" type="PLAIN_TEXT" />
      <mapping pattern=".gitkeep" type="PLAIN_TEXT" />
      <mapping pattern="Dockerfile-authserver" type="PLAIN_TEXT" />
      <mapping pattern="f" type="PLAIN_TEXT" />
      <mapping pattern="d" type="PLAIN_TEXT" />
      <mapping ext="2019-11-18" type="PLAIN_TEXT" />
      <mapping ext="og" type="PLAIN_TEXT" />
      <mapping ext="old" type="PLAIN_TEXT" />
      <mapping ext="service" type="PLAIN_TEXT" />
      <removed_mapping ext="cmd" approved="true" type="PLAIN_TEXT" />
      <removed_mapping ext="log" approved="true" type="PLAIN_TEXT" />
      <removed_mapping ext="bat" approved="true" type="PLAIN_TEXT" />
      <removed_mapping pattern="Dockerfile" approved="true" type="PLAIN_TEXT" />
      <removed_mapping ext="java" approved="true" type="PLAIN_TEXT" />
      <removed_mapping ext="bat" approved="true" type="PLAIN_TEXT" />
      <removed_mapping ext="log" approved="true" type="PLAIN_TEXT" />
      <removed_mapping pattern="Makefile" approved="true" type="PLAIN_TEXT" />
      <removed_mapping ext="dockerfile" approved="true" type="textmate" />
      <removed_mapping ext="makefile" approved="true" type="textmate" />
      <removed_mapping ext="cmd" approved="true" type="PLAIN_TEXT" />
      <removed_mapping ext="snakefile" approved="true" type="textmate" />
      <mapping pattern=".gitignore_global" type="Git file" />
      <mapping pattern="ignore" type="Git exclude file" />
    </extensionMap>
  </component>
</application>