<application>
  <component name="GoSdkList">
    <sdk-path>
      <set>
        <option value="" />
        <option value="$USER_HOME$/sdk/go1.11beta2" />
        <option value="$USER_HOME$/sdk/go1.11beta3" />
        <option value="$USER_HOME$/sdk/go1.11rc1" />
        <option value="$USER_HOME$/sdk/go1.12rc1" />
        <option value="/usr/local/Cellar/go/1.10.1/libexec" />
        <option value="/usr/local/Cellar/go/1.10.3/libexec" />
        <option value="/usr/local/Cellar/go/1.10/libexec" />
        <option value="/usr/local/Cellar/go/1.11.1/libexec" />
        <option value="/usr/local/Cellar/go/1.11.2/libexec" />
        <option value="/usr/local/Cellar/go/1.11.5/libexec" />
        <option value="/usr/local/Cellar/go/1.12.6/libexec" />
        <option value="/usr/local/Cellar/go/1.12/libexec" />
        <option value="/usr/local/Cellar/go/1.13.1/libexec" />
        <option value="/usr/local/Cellar/go/1.13.4/libexec" />
        <option value="/usr/local/Cellar/go/1.13.7/libexec" />
        <option value="/usr/local/Cellar/go/1.9.2/libexec" />
        <option value="/usr/local/opt/go/libexec" />
      </set>
    </sdk-path>
  </component>
</application>