<application>
  <component name="LanguageInjectionConfiguration">
    <option name="INSTRUMENTATION" value="ASSERT" />
    <option name="LANGUAGE_ANNOTATION" value="org.intellij.lang.annotations.Language" />
    <option name="PATTERN_ANNOTATION" value="org.intellij.lang.annotations.Pattern" />
    <option name="SUBST_ANNOTATION" value="org.intellij.lang.annotations.Subst" />
    <option name="RESOLVE_REFERENCES" value="true" />
    <injection language="XML" injector-id="xml">
      <display-name>context</display-name>
      <place><![CDATA[xmlTag().withLocalName(string().equalTo("context")).withNamespace(string().equalTo("http://mybatis.org/dtd/mybatis-generator-config_1_0.dtd"))]]></place>
    </injection>
    <injection language="GenericSQL" injector-id="xml">
      <display-name>generatorConfiguration</display-name>
      <place><![CDATA[xmlTag().withLocalName(string().equalTo("generatorConfiguration")).withNamespace(string().equalTo("http://mybatis.org/dtd/mybatis-generator-config_1_0.dtd"))]]></place>
    </injection>
  </component>
</application>