<application>
  <component name="AppStorage">
    <histories>
      <item value="Cookie" />
      <item value="Request" />
      <item value="Cannot call non-function res.StatusCode (type int)" />
      <item value="/ IdleConnTimeout is the maximum amount of time an idle // (keep-alive) connection will remain idle before closing // itself. // Zero means no limit." />
      <item value="Idle Conn Timeout" />
      <item value="// KeepAlive specifies the interval between keep-alive // probes for an active network connection. // If zero, keep-alive probes are sent with a default value // (currently 15 seconds), if supported by the protocol and operating // system. Network protocols or operating systems that do // not support keep-alives ignore this field. // If negative, keep-alive probes are disabled." />
      <item value="// Timeout is the maximum amount of time a dial will wait for // a connect to complete. If Deadline is also set, it may fail // earlier. // // The default is no timeout. // // When using TCP and dialing a host name with multiple IP // addresses, the timeout may be divided between them. // // With or without a timeout, the operating system may impose // its own earlier timeout. For instance, TCP timeouts are // often around 3 minutes." />
      <item value="IndexFunc returns the index into s of the first Unicode code point satisfying f(c), or -1 if none do." />
      <item value="filter" />
      <item value="Proxy" />
    </histories>
    <option name="languageScores">
      <map>
        <entry key="CHINESE" value="10" />
        <entry key="ENGLISH" value="11" />
        <entry key="POLISH" value="1" />
      </map>
    </option>
  </component>
  <component name="Settings">
    <option name="baiduTranslateSettings">
      <app-key>
        <option name="appId" value="20200121000377201" />
        <option name="appKeyConfigured" value="true" />
      </app-key>
    </option>
    <option name="googleTranslateSettings">
      <google-translate>
        <option name="useTranslateGoogleCom" value="false" />
      </google-translate>
    </option>
    <option name="ignoreRegExp" value="" />
    <option name="youdaoTranslateSettings">
      <youdao-translate>
        <option name="appId" value="2dea3588c73beff9" />
        <option name="appKeyConfigured" value="true" />
      </youdao-translate>
    </option>
  </component>
</application>